Quantity,Door_Size2,Transaction date,Is_customer_Lenworth2,Distance,Bumpers2,Operator/Opener2,Dock Seal2,Install2,Door(general)2,Drop Test2,Hardware/Parts2,Specialty Door2,Firedoor2,Replace2
1,382,0,0,1,0,0,0,0,1,0,0,0,0,0
1,0,0,1,7,0,1,0,0,0,0,0,0,0,0
1,491,0,1,9,0,0,0,1,0,0,0,0,0,0
1,55,0,1,9,0,0,0,0,0,0,0,0,0,1
1,2425,0,1,9,0,0,0,1,1,0,0,0,0,0
3,0,0,1,9,0,0,0,1,0,0,1,0,0,0
2,295,0,1,9,0,0,0,1,0,0,0,0,1,0
2,159,0,1,9,0,0,0,1,1,0,0,0,0,0
1,0,0,0,12,0,0,1,0,0,0,0,0,0,0
3,136,0,0,13,0,0,0,0,1,0,0,0,0,1
5,127,0,0,15,0,0,0,0,1,0,0,0,0,1
5,0,0,0,15,0,0,1,0,0,0,0,0,0,0
5,0,0,0,15,0,0,1,1,0,0,0,0,0,0
1,0,0,1,17,0,0,0,0,0,0,1,0,0,0
2,109,0,1,17,0,0,0,1,1,0,0,0,0,0
11,145,0,1,17,0,0,0,1,0,0,0,0,0,0
1,0,0,1,17,0,0,0,1,0,0,1,0,0,0
49,64,0,1,17,0,0,0,1,1,0,0,0,0,0
2,273,0,1,17,0,0,0,1,1,0,0,0,0,0
1,0,0,1,17,0,0,0,0,0,0,0,0,0,0
5,33,0,0,18,0,0,0,1,0,0,0,0,0,0
1,1091,0,0,18,0,0,0,1,0,0,0,0,0,0
1,0,0,1,18,0,0,0,1,0,0,1,0,0,0
12,152,0,1,18,0,0,0,1,0,0,0,0,1,0
1,164,0,1,18,0,0,0,0,1,0,0,0,0,1
1,55,0,1,18,0,0,0,0,0,0,0,0,0,0
2,73,0,0,19,0,0,0,1,1,0,0,0,0,0
2,218,0,0,19,0,0,0,1,0,0,0,0,0,0
1,473,0,0,19,0,0,0,1,0,0,0,0,0,0
8,752,0,0,20,0,0,0,0,1,0,0,0,0,0
3,36,0,0,21,0,0,0,0,0,0,0,0,0,0
3,242,0,1,21,0,0,0,1,0,0,0,0,0,0
7,127,0,0,21,0,0,0,1,0,0,0,0,0,0
2,118,0,0,21,0,0,0,1,0,1,0,0,0,0
1,0,0,1,22,0,0,0,0,0,0,1,0,0,0
11,91,0,0,22,0,0,0,1,1,0,0,0,0,0
1,727,0,1,22,0,0,0,1,0,0,0,0,0,0
1,100,0,0,23,0,0,0,1,0,0,0,0,0,0
1,127,0,0,23,0,0,0,0,1,0,0,0,0,0
3,0,0,0,23,0,0,0,1,0,0,1,0,0,0
2,273,0,1,23,0,0,0,0,0,0,0,0,0,1
1,144,0,0,24,0,0,0,1,0,0,0,0,0,0
1,0,0,1,24,1,0,0,1,0,0,0,0,0,0
1,200,0,0,27,0,0,0,1,1,0,0,0,0,0
2,168,0,1,27,0,0,0,1,0,0,0,0,0,0
1,182,0,1,28,0,0,0,1,1,0,0,0,0,0
2,173,0,1,28,0,0,0,1,0,0,0,0,0,0
25,64,0,1,28,0,0,0,1,0,0,0,0,0,0
1,160,0,1,28,0,0,0,1,0,0,0,0,0,0
1,0,0,1,28,0,0,0,1,0,0,1,0,0,0
1,509,0,0,29,0,0,0,0,1,0,0,0,0,0
1,436,0,0,30,0,0,0,1,0,0,0,0,0,0
1,191,0,1,31,0,0,0,0,0,0,0,0,0,0
2,118,0,0,31,0,0,0,1,0,0,0,0,0,0
1,0,0,0,32,0,0,1,0,0,0,0,0,0,0
6,0,0,0,32,0,0,0,1,0,0,1,0,0,0
1,144,0,0,32,0,0,0,1,0,0,0,0,0,0
1,120,0,0,32,0,0,0,0,1,0,0,0,0,0
3,145,0,0,34,0,0,0,1,1,0,0,0,0,0
1,182,0,0,34,0,0,0,0,1,0,0,0,0,0
1,73,0,0,34,0,0,0,0,1,0,0,0,0,0
1,82,0,0,34,0,0,0,0,1,0,0,0,0,1
1,595,0,0,34,0,0,0,0,1,0,0,0,0,0
11,30,0,0,34,0,0,0,0,1,0,0,0,0,0
1,73,0,0,34,0,0,0,1,0,0,0,0,0,0
1,91,0,0,34,0,0,0,1,0,0,0,0,0,0
19,122,0,1,34,0,0,0,1,0,0,0,0,0,0
10,36,0,0,34,0,0,0,1,0,0,0,0,0,0
1,91,0,0,35,0,0,0,0,1,0,0,0,0,1
2,8,0,0,35,0,0,0,1,0,0,0,0,0,0
1,145,0,0,36,0,0,0,0,0,0,0,0,0,0
3,136,0,0,37,0,0,0,0,1,0,0,0,0,1
1,473,0,0,37,0,0,0,1,0,0,0,0,0,0
1,273,0,1,37,0,0,0,1,1,0,0,0,0,0
1,236,0,0,38,0,0,0,1,1,0,0,0,0,0
1,373,0,0,38,0,0,0,0,1,0,0,0,0,0
2,152,0,1,38,0,0,0,0,1,0,0,0,0,0
1,0,0,0,40,0,0,1,1,0,0,0,0,0,0
1,255,0,0,40,0,0,0,1,0,0,0,0,0,0
1,282,0,0,41,0,0,0,0,1,0,0,0,0,0
1,0,0,0,41,0,0,0,1,0,0,0,0,0,0
16,0,0,0,41,0,0,0,1,0,0,1,0,0,0
1,0,0,0,41,0,0,0,1,0,0,0,0,0,0
2,0,0,0,41,0,0,0,1,0,0,1,0,0,0
1,436,0,0,41,0,0,0,1,0,0,0,0,0,0
2,0,0,0,41,0,0,0,1,0,0,1,0,0,0
8,0,0,0,41,0,0,0,1,0,0,1,0,0,0
1,82,0,0,41,0,0,0,1,1,0,0,0,0,0
2,145,0,0,42,0,0,0,1,1,0,0,0,0,0
1,182,0,1,43,0,0,0,0,1,0,0,0,0,0
1,364,0,0,43,0,0,0,1,0,0,0,0,1,0
2,700,0,1,43,0,0,0,0,0,0,0,0,0,0
1,250,0,1,43,0,0,0,1,0,0,0,0,1,0
1,109,0,0,43,0,0,0,0,0,0,0,0,0,0
1,109,0,0,43,0,0,0,0,0,0,0,0,0,0
12,91,0,1,44,0,0,0,1,0,0,0,0,0,0
1,1800,0,0,44,0,0,0,1,1,0,0,0,0,0
1,145,0,1,44,0,0,0,1,0,0,0,0,0,0
3,45,0,1,44,0,0,0,0,1,0,0,0,0,0
3,121,0,1,44,0,0,0,1,1,0,0,0,0,0
2,114,0,0,45,0,0,0,0,1,0,0,0,0,0
1,273,0,0,45,0,0,0,0,0,0,0,0,0,0
2,127,0,0,45,0,0,0,1,0,0,0,0,1,0
1,636,0,0,45,0,0,0,0,1,0,0,0,0,0
1,218,0,0,46,0,0,0,1,0,0,0,0,1,0
3,136,0,0,46,0,0,0,0,0,0,0,0,0,0
1,91,0,1,46,0,0,0,0,1,0,0,0,0,0
9,55,0,0,46,0,0,0,1,0,0,0,0,0,0
1,127,0,0,46,0,0,0,0,1,0,0,0,0,0
1,255,0,0,46,0,0,0,1,0,0,0,0,0,0
2,182,0,1,47,0,0,0,1,1,0,0,0,0,0
5,131,0,0,47,0,0,0,1,1,0,0,0,0,0
1,36,0,0,47,0,0,0,0,1,0,0,0,0,0
1,0,0,0,47,0,0,1,0,0,0,0,0,0,0
3,188,0,1,48,0,0,0,1,1,0,0,0,0,0
2,136,0,0,49,0,0,0,0,1,0,0,0,0,0
1,273,0,0,49,0,0,0,0,1,0,0,0,0,1
3,10,0,0,50,0,0,0,0,0,0,0,0,0,0
6,18,0,0,50,0,0,0,0,1,0,0,0,0,0
1,520,0,0,50,0,0,0,0,1,0,0,0,0,0
1,0,0,0,50,0,0,0,0,0,0,1,0,0,0
1,0,0,0,50,0,0,0,0,0,0,1,0,0,1
1,3673,0,1,50,0,0,0,1,1,0,0,0,0,0
1,291,0,0,50,0,0,0,0,1,0,0,0,0,0
2,245,0,1,50,0,0,0,1,1,0,0,0,0,0
1,10,0,0,50,0,0,0,0,0,0,0,0,0,0
5,185,0,0,50,0,0,0,1,0,0,0,0,0,0
1,355,0,0,50,0,0,0,1,0,0,0,0,0,0
3,109,0,1,51,0,0,0,1,0,0,0,0,0,0
2,91,0,1,51,0,0,0,1,1,0,0,0,0,0
1,200,0,1,51,0,0,0,1,0,0,0,0,0,0
2,164,0,1,51,0,0,0,0,1,0,0,0,0,0
6.5,18,0,0,51,0,0,0,0,0,0,0,0,0,0
1,0,0,1,51,0,0,0,0,0,0,1,0,0,0
2,255,0,1,51,0,0,0,1,1,0,0,0,0,0
1,0,0,1,51,0,0,0,0,0,0,1,0,0,0
2,0,0,1,51,0,0,0,0,0,0,0,0,0,0
4,73,0,1,51,0,0,0,1,1,0,0,0,0,0
2,0,0,1,52,0,0,0,0,0,0,0,0,0,0
1,1103,0,1,52,0,0,0,1,1,0,0,0,0,0
1,182,0,1,52,0,0,0,1,1,0,0,0,0,0
1,1171,0,1,52,0,0,0,1,1,0,0,0,0,0
2,127,0,1,52,0,0,0,1,1,0,0,0,0,0
2,73,0,1,52,0,0,0,1,1,0,0,0,0,0
1,900,0,0,52,0,0,0,0,1,0,0,0,0,0
1,0,0,0,52,0,1,0,1,0,0,0,0,0,0
1,182,0,1,52,0,0,0,0,0,0,0,0,0,0
2,0,0,1,52,0,0,0,0,0,0,0,0,0,0
17,179,0,1,52,0,0,0,1,0,0,0,0,1,0
20,1500,0,1,52,0,0,0,1,1,0,0,0,0,0
1,909,0,1,52,0,0,0,1,1,0,0,0,0,0
78,91,0,1,52,0,0,0,1,0,0,0,0,0,0
14,309,0,1,52,0,0,0,1,0,0,0,1,0,0
3.5,18,0,1,52,0,0,0,0,0,0,0,0,0,0
1,182,0,1,52,0,0,0,1,1,0,0,0,0,0
4,309,0,1,52,0,0,0,1,0,0,0,0,0,0
1,0,0,1,53,0,0,0,1,0,0,1,0,0,0
1,436,0,0,53,0,0,0,1,0,0,0,0,0,0
4,191,0,1,53,0,0,0,1,1,0,0,0,0,0
14,127,0,1,53,0,0,0,1,0,0,0,0,0,0
1,473,0,0,54,0,0,0,1,0,0,0,0,0,0
1,36,0,0,54,0,0,0,0,1,0,0,0,0,0
1,0,0,1,54,0,0,0,0,0,0,0,0,0,0
1,473,0,0,54,0,0,0,1,0,0,0,0,0,0
1,0,0,1,54,0,0,0,0,0,0,0,0,0,0
1,118,0,0,55,0,0,0,0,0,0,0,0,0,0
2.5,18,0,1,55,0,0,0,1,1,0,0,0,0,0
2,0,0,0,55,0,1,0,0,0,0,0,0,0,0
1,0,0,0,55,0,0,1,0,0,0,0,0,0,0
2,132,0,0,55,0,0,0,1,0,0,0,0,0,0
1,273,0,0,55,0,0,0,0,0,0,0,0,0,0
1,418,0,0,55,0,0,0,0,1,0,0,0,0,1
1,20,0,0,55,0,0,0,1,0,0,0,0,0,0
1,0,0,1,56,0,0,0,0,0,0,0,0,0,0
18,72,0,1,56,0,0,0,1,1,0,0,0,0,0
22,72,0,1,56,0,0,0,1,1,0,0,0,0,0
1,218,0,0,56,0,0,0,1,0,0,0,0,0,0
1,182,0,1,56,0,0,0,0,0,0,0,0,0,1
1,136,0,0,56,0,0,0,1,0,1,0,0,0,0
9,0,0,0,56,0,0,1,1,0,0,0,0,0,0
2,427,0,0,56,0,0,0,0,1,0,0,0,0,1
3,206,0,1,57,0,0,0,1,1,0,0,0,0,0
1,764,0,0,58,0,0,0,1,0,0,0,0,0,0
1,218,0,0,58,0,0,0,0,0,0,0,0,0,0
1,182,0,0,58,0,0,0,1,0,0,0,0,0,0
1,655,0,0,58,0,0,0,1,0,0,0,0,0,0
1,473,0,0,58,0,0,0,1,0,0,0,0,0,0
1,436,0,0,58,0,0,0,1,0,0,0,0,0,0
1,327,0,0,59,0,0,0,1,1,0,0,0,0,0
1,0,0,1,59,0,0,0,0,0,0,0,0,0,0
11,291,0,1,59,0,0,0,0,1,0,0,0,0,0
2,64,0,1,59,0,0,0,0,0,0,0,0,0,1
11,116,0,1,59,0,0,0,1,1,0,0,0,0,0
1,273,0,0,60,0,0,0,0,0,0,0,0,0,0
1,273,0,0,60,0,0,0,1,0,0,0,0,0,0
1,109,0,0,60,0,0,0,0,1,0,0,0,0,1
1,436,0,0,61,0,0,0,1,0,0,0,0,0,0
1,182,0,1,61,0,0,0,0,1,0,0,0,0,0
8,127,0,1,61,0,0,0,1,0,0,0,0,0,0
1,100,0,1,61,0,0,0,1,0,0,0,0,0,0
1,4000,0,0,62,0,0,0,1,0,0,0,0,0,0
3,250,0,1,63,0,0,0,1,1,0,0,0,0,0
55,110,0,0,63,0,0,0,1,1,0,0,0,0,0
1,0,0,0,63,0,0,1,1,0,0,0,0,0,0
1,553,0,0,63,0,0,0,0,1,0,0,0,0,0
2,409,0,0,63,0,0,0,0,0,0,0,0,0,0
5,22,0,0,64,0,0,0,0,1,0,0,0,0,1
1,0,0,1,65,0,0,0,0,0,0,1,0,0,1
1,473,0,0,66,0,0,0,1,0,0,0,0,0,0
1,473,0,0,66,0,0,0,1,0,0,0,0,0,0
1,391,0,0,67,0,0,0,0,1,0,0,0,0,0
1,255,0,1,67,0,0,0,1,0,0,0,0,0,0
6,73,0,1,67,0,0,0,1,1,0,0,0,0,0
1,255,0,1,67,0,0,0,1,1,0,0,0,0,0
7,182,0,1,67,0,0,0,1,0,0,0,0,0,0
1,136,0,0,68,0,0,0,1,0,1,0,0,0,0
1,836,0,0,68,0,0,0,1,0,0,0,0,0,0
1,1195,0,0,68,0,0,0,1,0,0,0,0,0,0
12,0,0,0,68,0,0,1,0,0,0,0,0,0,0
1,109,0,0,68,0,0,0,0,1,0,0,0,0,1
1,594,0,1,69,0,0,0,1,1,0,0,0,0,0
10,73,0,0,69,0,0,0,1,0,1,0,0,0,0
3,0,0,1,69,0,1,0,1,0,0,0,0,0,0
1,436,0,0,71,0,0,0,1,0,0,0,0,0,0
1,0,0,1,71,0,0,0,0,0,0,0,0,0,0
102,27,0,1,71,0,0,0,1,0,0,0,0,0,0
42,73,0,1,71,0,0,0,1,1,0,0,0,0,0
1,720,0,0,72,0,0,0,0,0,0,0,1,0,0
12,0,0,0,72,1,0,0,0,0,0,0,0,0,0
1,127,0,1,72,0,0,0,0,1,0,0,0,0,1
1,182,0,0,73,0,0,0,1,0,0,0,0,1,0
1,473,0,0,73,0,0,0,1,0,0,0,0,0,0
1,473,0,0,73,0,0,0,1,0,0,0,0,0,0
1,418,0,0,74,0,0,0,1,0,0,0,0,1,0
1,0,0,1,75,0,0,0,0,0,0,0,0,0,0
1,200,0,1,75,0,0,0,1,0,0,0,0,0,0
2,182,0,1,75,0,0,0,0,1,0,0,0,0,0
1,0,0,1,75,0,0,0,1,0,0,0,0,0,0
1,182,0,1,75,0,0,0,1,1,0,0,0,0,0
1,182,0,1,76,0,0,0,1,1,0,0,0,0,0
1,291,0,0,76,0,0,0,1,0,0,0,0,0,0
4,182,0,1,77,0,0,0,1,1,0,0,0,0,0
11,236,0,1,77,0,0,0,1,0,0,0,0,1,0
19,122,0,1,78,0,0,0,1,0,0,0,0,0,0
2,91,0,1,78,0,0,0,0,1,0,0,0,0,0
40,73,0,1,79,0,0,0,1,1,0,0,0,0,0
1,91,0,1,79,0,0,0,0,1,0,0,0,0,1
2,255,0,0,79,0,0,0,1,0,0,0,0,0,0
1,436,0,0,79,0,0,0,1,0,0,0,1,0,0
2,0,0,1,79,0,0,0,1,0,0,0,0,0,0
2,0,0,1,79,0,0,0,0,0,0,1,0,0,0
1,177,0,0,81,0,0,0,1,1,0,0,0,0,0
4,0,0,0,81,0,0,1,1,0,0,0,0,0,0
6,185,0,1,81,0,0,0,1,0,0,0,0,1,0
1,382,0,1,82,0,0,0,1,1,0,0,0,0,0
1,145,0,0,82,0,0,0,0,0,0,0,0,0,0
1,227,0,0,82,0,0,0,1,1,0,0,0,0,0
1,0,0,0,82,0,0,0,0,0,0,1,0,0,0
7,85,0,0,82,0,0,0,1,1,0,0,0,0,0
10,91,0,0,83,0,0,0,1,0,0,0,0,0,0
2,564,0,0,84,0,0,0,0,1,0,0,0,0,0
2,218,0,0,85,0,0,0,1,1,0,0,0,0,0
15,199,0,0,85,0,0,0,1,1,0,0,0,0,0
1,436,0,0,86,0,0,0,1,0,0,0,0,0,0
1,136,0,0,88,0,0,0,1,0,1,0,0,0,0
2,182,0,0,88,0,0,0,1,0,0,0,0,0,0
9,204,0,0,89,0,0,0,1,0,0,0,0,0,0
1,25,0,0,90,0,0,0,1,0,0,0,0,0,0
3,264,0,1,90,0,0,0,1,0,0,0,0,0,0
13,0,0,0,91,0,0,1,1,0,0,0,0,0,0
1,273,0,1,91,0,0,0,1,0,0,0,0,0,0
1,436,0,0,91,0,0,0,1,0,0,0,0,0,0
1,273,0,0,91,0,0,0,0,0,0,0,0,0,0
3,73,0,0,92,0,0,0,1,1,0,0,0,0,0
1,145,0,0,92,0,0,0,0,1,0,0,0,0,0
2,182,0,0,93,0,0,0,1,0,0,0,0,0,0
1,309,0,0,93,0,0,0,1,1,0,0,0,0,0
1,436,0,0,95,0,0,0,1,0,0,0,0,0,0
1,473,0,0,95,0,0,0,1,0,0,0,0,0,0
1,1364,0,1,96,0,0,0,1,1,0,0,0,0,0
1,0,0,1,96,0,0,0,0,0,0,0,0,0,0
3,218,0,0,97,0,0,0,1,0,0,0,0,0,0
1,145,0,1,102,0,0,0,1,0,0,0,0,1,0
1,10,0,1,102,0,0,0,1,1,0,0,0,0,0
1,0,0,1,103,0,0,0,0,0,0,1,0,0,1
8,18,0,1,104,0,0,0,1,1,0,0,0,0,0
1,436,0,0,105,0,0,0,1,0,0,0,0,0,0
2,18,0,0,108,0,0,0,0,0,0,0,0,0,0
1,18,0,0,108,0,0,0,0,0,0,0,0,0,0
1,282,0,0,108,0,0,0,0,1,0,0,0,0,0
1,173,0,1,108,0,0,0,0,0,0,0,0,0,0
1,0,0,1,108,0,0,0,0,0,0,0,0,0,0
26,103,0,1,108,0,0,0,1,1,0,0,0,0,0
3,145,0,1,109,0,0,0,0,1,0,0,0,0,0
1,655,0,1,109,0,0,0,1,1,0,0,0,0,0
1,327,0,1,109,0,0,0,1,1,0,0,0,0,0
1,436,0,0,109,0,0,0,1,0,0,0,0,0,0
1,0,0,1,110,0,0,0,0,0,0,0,0,0,0
23,9,0,1,110,0,0,0,1,1,0,0,0,0,0
2,173,0,1,110,0,0,0,1,0,0,0,0,0,0
21,64,0,1,110,0,0,0,1,0,0,0,0,0,0
1,109,0,1,110,0,0,0,0,0,0,0,0,0,1
1,55,0,0,110,0,0,0,0,0,0,0,0,0,0
4,0,0,1,111,0,0,1,1,0,0,0,0,0,0
1,0,0,1,112,0,0,0,1,0,0,1,0,0,0
3,18,0,1,112,0,0,0,0,1,0,0,0,0,0
3,111,0,1,112,0,0,0,1,1,0,0,0,0,0
1,436,0,0,113,0,0,0,1,0,0,0,0,0,0
1,473,0,0,113,0,0,0,1,0,0,0,0,0,0
3,127,0,0,115,0,0,0,1,1,0,0,0,0,0
1,400,0,0,115,0,0,0,1,1,0,0,0,0,0
1,273,0,0,115,0,0,0,0,1,0,0,0,0,1
2,883,0,0,116,0,0,0,1,0,0,0,0,0,0
1,436,0,0,116,0,0,0,1,0,0,0,0,0,0
6.75,18,0,1,117,0,0,0,0,0,0,0,0,0,0
4,64,0,1,117,0,0,0,1,0,0,0,0,0,0
7,18,0,1,117,0,0,0,0,1,0,0,0,0,0
1,0,0,1,117,0,0,0,0,0,0,0,0,0,0
1,364,0,1,117,0,0,0,1,1,0,0,0,0,0
5,73,0,1,117,0,0,0,1,1,0,0,0,0,0
1,145,0,1,117,0,0,0,1,0,0,0,0,0,0
1,436,0,0,117,0,0,0,1,0,0,0,0,0,0
9,0,0,0,117,0,0,0,0,0,0,1,0,0,0
2,227,0,0,117,0,0,0,1,1,0,0,0,0,0
29,0,0,0,118,0,0,1,1,0,0,0,0,0,0
1,627,0,0,120,0,0,0,0,1,0,0,0,0,0
2,660,0,0,120,0,0,0,1,0,0,0,0,0,0
1,436,0,0,121,0,0,0,1,0,0,0,0,0,0
3,471,0,0,122,0,0,0,0,0,0,0,1,0,0
1,2182,0,1,122,0,0,0,1,1,0,0,0,0,0
1,291,0,0,122,0,0,0,1,0,0,0,0,0,0
1,436,0,0,122,0,0,0,1,0,0,0,0,0,0
1,27,0,1,123,0,0,0,1,1,0,0,0,0,0
2,127,0,0,123,0,0,0,0,0,0,0,0,0,0
60,73,0,1,125,0,0,0,1,1,0,0,0,0,0
1,0,0,1,126,0,0,0,0,0,0,1,0,0,1
2,227,0,1,126,0,0,0,1,0,1,0,0,0,0
4,273,0,0,127,0,0,0,1,0,0,0,0,0,0
1,127,0,0,127,0,0,0,0,0,0,0,0,0,0
34,0,0,0,128,0,0,1,1,0,0,0,0,0,0
1,359,0,0,128,0,0,0,0,0,0,0,0,0,0
1,1984,0,1,130,0,0,0,1,0,0,0,0,0,0
8,158,0,1,130,0,0,0,1,1,0,0,0,0,0
1,473,0,0,131,0,0,0,1,0,0,0,0,0,0
1,473,0,0,132,0,0,0,1,0,0,0,0,0,0
1,136,0,1,132,0,0,0,1,1,0,0,0,0,0
1,0,0,0,132,0,0,0,1,0,0,1,0,0,0
1,0,0,0,132,0,0,1,1,0,0,0,0,0,0
3,380,0,0,133,0,0,0,0,1,0,0,0,0,0
2,392,0,0,133,0,0,0,0,1,0,0,0,0,0
2,100,0,1,136,0,0,0,1,0,0,0,0,0,0
1,582,0,0,136,0,0,0,1,0,0,0,0,0,0
9,0,0,1,136,0,0,0,1,0,0,0,0,0,0
1,931,0,0,137,0,0,0,0,0,0,0,0,0,0
1,764,0,0,138,0,0,0,1,0,0,0,0,0,0
12,156,0,1,139,0,0,0,1,0,0,0,0,0,0
33,100,0,0,139,0,0,0,1,1,0,0,0,0,0
1,473,0,0,139,0,0,0,1,0,0,0,0,0,0
1,545,0,0,140,0,0,0,0,1,0,0,0,0,0
6,185,0,1,141,0,0,0,1,1,0,0,0,0,0
4,100,0,0,141,0,0,0,1,0,0,0,0,0,0
1,473,0,0,143,0,0,0,1,0,0,0,0,0,0
1,1482,0,1,144,0,0,0,0,1,0,0,0,0,1
1,0,0,0,145,0,1,0,0,0,0,0,0,0,0
6,18,0,1,146,0,0,0,0,0,0,0,0,0,0
1,864,0,1,146,0,0,0,1,1,0,0,0,0,0
2,118,0,1,146,0,0,0,1,1,0,0,0,0,0
2,218,0,1,147,0,0,0,1,0,0,0,0,0,0
1,182,0,1,147,0,0,0,1,1,0,0,0,0,0
5,140,0,1,147,0,0,0,1,0,0,0,0,1,0
13.5,18,0,1,147,0,0,0,1,1,0,0,0,0,0
1,1064,0,1,147,0,0,0,1,1,0,0,0,0,0
10,0,0,0,148,0,1,0,1,0,0,0,0,0,0
60,9,0,1,149,0,0,0,1,0,0,0,0,0,0
2,291,0,1,151,0,0,0,1,0,0,0,0,0,0
1,436,0,0,152,0,0,0,1,0,0,0,0,0,0
1,0,0,0,153,0,1,0,0,0,0,0,0,0,0
1,356,0,0,153,0,0,0,0,1,0,0,0,0,0
1,218,0,0,154,0,0,0,1,1,0,0,0,0,0
2,58,0,0,155,0,0,0,1,0,0,0,0,0,0
1,273,0,1,156,0,0,0,1,0,0,0,0,0,0
1,0,0,1,156,0,0,0,1,0,0,1,0,0,0
1,236,0,1,156,0,0,0,1,0,0,0,0,0,0
6,606,0,0,156,0,0,0,1,1,0,0,0,0,0
2,164,0,0,156,0,0,0,1,0,0,0,0,0,0
2,91,0,1,156,0,0,0,1,0,0,0,0,0,0
4,73,0,1,156,0,0,0,1,0,0,0,0,0,0
3,109,0,1,156,0,0,0,1,0,0,0,0,0,0
2,91,0,1,156,0,0,0,1,0,0,0,0,0,0
2,191,0,1,157,0,0,0,1,1,0,0,0,0,0
4,109,0,1,157,0,0,0,1,0,0,0,0,0,0
1,473,0,0,158,0,0,0,1,0,0,0,0,0,0
1,507,0,0,159,0,0,0,1,0,0,0,0,0,0
2,329,0,0,159,0,0,0,1,0,0,0,0,0,0
2,0,0,0,160,0,1,0,1,0,0,0,0,0,0
2,614,0,0,160,0,0,0,1,1,0,0,0,0,0
2,513,0,0,163,0,0,0,0,1,0,0,0,0,0
23,66,0,0,163,0,0,0,1,1,0,0,0,0,0
1,327,0,0,163,0,0,0,0,1,0,0,0,0,1
1,0,0,0,164,0,1,0,0,0,0,0,0,0,0
1,1269,0,0,164,0,0,0,1,0,0,0,0,0,0
6,112,0,1,165,0,0,0,1,1,0,0,0,0,0
1,436,0,0,166,0,0,0,1,0,0,0,0,0,0
1,585,0,0,167,0,0,0,1,1,0,0,0,0,0
6,606,0,1,167,0,0,0,1,1,0,0,0,0,0
?,1745,0,1,167,0,0,0,1,1,0,0,0,0,0
3,206,0,1,168,0,0,0,1,0,0,0,0,0,0
1,320,0,0,168,0,0,0,0,1,0,0,0,0,0
1,745,0,0,169,0,0,0,0,1,0,0,0,0,0
3,182,0,1,170,0,0,0,1,1,0,0,0,0,0
?,3090,0,1,170,0,0,0,1,1,0,0,0,0,0
8,200,0,0,170,0,0,0,1,0,0,0,0,0,0
4,155,0,1,173,0,0,0,1,1,0,0,0,0,0
1,364,0,1,173,0,0,0,1,1,0,0,0,0,0
7,18,0,1,174,0,0,0,1,1,0,0,0,0,0
1,36,0,1,174,0,0,0,0,1,0,0,0,0,0
60,73,0,1,174,0,0,0,1,1,0,0,0,0,0
1,364,0,1,174,0,0,0,1,1,0,0,0,0,0
20,73,0,1,174,0,0,0,1,1,0,0,0,0,0
3,182,0,1,174,0,0,0,1,1,0,0,0,0,0
1,164,0,1,174,0,0,0,1,1,0,0,0,0,0
2,109,0,1,174,0,0,0,1,1,0,0,0,0,0
2,164,0,1,174,0,0,0,1,1,0,0,0,0,0
1,750,0,0,175,0,0,0,0,1,0,0,0,0,0
1,473,0,0,178,0,0,0,1,0,0,0,0,0,0
1,745,0,0,179,0,0,0,1,0,0,0,0,0,0
1,489,0,0,181,0,0,0,0,1,0,0,0,0,0
1,173,0,1,182,0,0,0,1,1,0,0,0,0,0
1,182,0,1,183,0,0,0,0,0,0,0,0,0,0
1,182,0,1,183,0,0,0,1,0,0,0,0,0,0
2,159,0,1,184,0,0,0,1,0,0,0,0,1,0
1,127,0,1,185,0,0,0,1,0,0,0,0,0,0
4,0,0,0,186,1,0,0,1,0,0,0,0,0,0
1,1460,0,0,186,0,0,0,1,0,0,0,0,0,0
1,182,0,1,186,0,0,0,1,1,0,0,0,0,0
1,365,0,0,187,0,0,0,0,0,0,0,0,0,0
5,0,0,1,187,0,0,0,1,0,0,1,0,0,0
31,0,0,1,187,0,0,0,0,0,0,1,0,0,0
5,159,0,1,187,0,0,0,1,0,0,0,0,0,0
1,386,0,0,188,0,0,0,0,0,0,0,0,0,0
1,1173,0,0,190,0,0,0,1,0,0,0,0,0,0
1,455,0,0,190,0,0,0,1,0,0,0,0,0,0
11,200,0,1,191,0,0,0,0,1,0,0,0,0,0
1,473,0,0,195,0,0,0,1,0,0,0,0,0,0
3,0,0,1,196,0,0,0,0,0,0,1,0,0,0
1,218,0,1,200,0,0,0,0,0,0,0,0,0,0
60,73,0,1,200,0,0,0,1,1,0,0,0,0,0
1,473,0,0,203,0,0,0,1,0,0,0,0,0,0
3,61,0,1,203,0,0,0,0,0,0,0,0,0,0
2,449,0,0,204,0,0,0,1,1,0,0,0,0,0
1,0,0,0,204,0,0,0,0,0,0,1,0,0,0
1,641,0,0,204,0,0,0,0,0,0,0,0,0,0
1,436,0,0,204,0,0,0,1,0,0,0,0,0,0
1,473,0,0,208,0,0,0,1,0,0,0,0,0,0
4,455,0,0,209,0,0,0,1,1,0,0,0,0,0
9,0,0,0,210,0,0,0,0,0,0,1,0,0,0
1,0,0,0,210,0,0,0,1,0,0,1,0,0,0
8,0,0,0,210,0,0,1,1,0,0,0,0,0,0
1,455,0,0,212,0,0,0,1,0,0,0,0,0,0
1,15,0,0,212,0,0,0,0,1,0,0,0,0,0
1,145,0,0,212,0,0,0,0,1,0,0,0,0,0
6,294,0,1,212,0,0,0,1,0,0,0,0,0,0
6,109,0,0,212,0,0,0,1,1,0,0,0,0,0
3,164,0,0,212,0,0,0,1,1,0,0,0,0,0
1,436,0,0,212,0,0,0,1,0,0,0,0,0,0
1,445,0,0,213,0,0,0,0,1,0,0,0,0,1
1,136,0,0,213,0,0,0,0,1,0,0,0,0,0
1,2582,0,0,217,0,0,0,1,0,0,0,0,0,0
1,936,0,0,218,0,0,0,0,0,0,0,0,0,0
2.5,18,0,1,219,0,0,0,1,1,0,0,0,0,0
1,0,0,1,219,0,0,0,0,0,0,0,0,0,0
6,182,0,1,219,0,0,0,1,1,0,0,0,0,0
1,145,0,1,219,0,0,0,1,0,0,0,0,1,0
1,0,0,1,219,0,0,0,0,0,0,1,0,0,1
2,293,0,0,222,0,0,0,0,0,0,0,0,0,0
1,0,0,0,225,0,0,0,0,0,0,1,0,0,0
1,0,0,0,225,0,0,0,0,0,0,1,0,0,0
1,355,0,0,225,0,0,0,0,1,0,0,0,0,0
1,355,0,0,227,0,0,0,0,1,0,0,0,0,0
1,201,0,0,231,0,0,0,0,0,0,0,1,0,0
1,155,0,0,231,0,0,0,0,1,0,0,0,0,0
2,289,0,0,231,0,0,0,1,1,0,0,0,0,0
1,355,0,0,231,0,0,0,0,1,0,0,0,0,0
1,355,0,0,231,0,0,0,0,1,0,0,0,0,0
1,0,0,0,231,0,1,0,0,0,0,0,0,0,0
1,645,0,0,231,0,0,0,1,1,0,0,0,0,0
1,357,0,0,231,0,0,0,0,1,0,0,0,0,0
1,182,0,0,231,0,0,0,1,0,0,0,0,0,0
2,611,0,0,232,0,0,0,0,1,0,0,0,0,0
2,212,0,0,234,0,0,0,1,0,1,0,0,0,0
1,282,0,0,234,0,0,0,0,1,0,0,0,0,0
120,82,0,1,234,0,0,0,1,1,0,0,0,0,0
2,0,0,0,234,0,1,0,0,0,0,0,0,0,0
1,386,0,0,242,0,0,0,1,0,0,0,0,0,0
1,160,0,0,244,0,0,0,0,1,0,0,0,0,0
1,282,0,0,248,0,0,0,0,1,0,0,0,0,0
1,1335,0,0,250,0,0,0,0,1,0,0,0,0,0
3,259,0,0,254,0,0,0,0,0,0,0,0,0,0
1,682,0,0,254,0,0,0,1,0,0,0,0,0,0
1,455,0,1,259,0,0,0,1,0,0,0,0,0,0
1,182,0,1,264,0,0,0,1,0,0,0,0,0,0
1,0,0,1,266,0,0,0,0,0,0,0,0,0,1
1,682,0,1,267,0,0,0,1,1,0,0,0,0,0
1,0,0,0,272,0,0,0,0,0,0,1,0,0,0
1,1073,0,0,279,0,0,0,1,0,0,0,0,0,0
1,1833,0,0,282,0,0,0,0,0,0,0,0,0,0
1,305,0,0,282,0,0,0,0,1,0,0,0,0,0
1,46,0,0,282,0,0,0,0,0,0,0,0,0,0
1,136,0,1,285,0,0,0,1,0,1,0,0,0,0
1,11,0,0,287,0,0,0,0,0,0,0,0,0,0
2,776,0,0,287,0,0,0,1,0,0,0,0,0,0
2,27,0,0,306,0,0,0,1,0,0,0,0,0,0
2,27,0,0,306,0,0,0,1,0,0,0,0,0,0
2,27,0,0,306,0,0,0,1,0,0,0,0,0,0
2,462,0,0,306,0,0,0,0,1,0,0,0,0,0
2,458,0,0,307,0,0,0,0,1,0,0,0,0,0
4,73,0,1,311,0,0,0,0,0,0,0,0,0,0
1,18,0,0,313,0,0,0,0,0,0,0,0,0,0
2,0,0,0,313,0,1,0,0,0,0,0,0,0,0
2,371,0,0,313,0,0,0,0,1,0,0,0,0,0
1,455,0,1,315,0,0,0,1,1,0,0,0,0,0
11,0,0,1,316,1,0,0,1,0,0,0,0,0,0
1,218,0,0,317,0,0,0,0,0,0,0,0,0,0
1,0,0,1,318,0,0,0,0,0,0,1,0,0,0
1,364,0,1,318,0,0,0,0,0,0,0,0,1,0
1,273,0,1,324,0,0,0,1,1,0,0,0,0,0
1,327,0,0,328,0,0,0,0,1,0,0,0,0,1
1,480,0,0,328,0,0,0,0,1,0,0,0,0,0
1,291,0,0,329,0,0,0,1,1,0,0,0,0,0
1,327,0,0,329,0,0,0,0,1,0,0,0,0,0
1,218,0,0,333,0,0,0,1,0,0,0,1,0,0
1,364,0,0,336,0,0,0,1,0,0,0,0,0,0
2,778,0,0,338,0,0,0,0,1,0,0,0,0,0
1,436,0,0,341,0,0,0,1,0,0,0,0,0,0
1,94,0,0,349,0,0,0,0,1,0,0,0,0,0
1,1602,0,0,349,0,0,0,0,0,0,0,0,0,0
1,216,0,0,352,0,0,0,1,0,0,0,0,0,0
2,1117,0,0,361,0,0,0,1,1,0,0,0,0,0
1,436,0,0,368,0,0,0,1,0,0,0,0,0,0
1,427,0,0,369,0,0,0,0,1,0,0,0,0,0
1,0,0,0,369,0,1,0,1,0,0,0,0,0,0
3,358,0,0,374,0,0,0,1,0,0,0,0,0,0
3,845,0,0,402,0,0,0,0,1,0,0,0,0,0
3,0,0,0,402,0,1,0,0,0,0,0,0,0,0
1,0,0,0,404,0,1,0,1,0,0,0,0,0,0
4,250,0,1,405,0,0,0,1,1,0,0,0,0,0
2,589,0,0,405,0,0,0,0,1,0,0,0,0,0
21,0,0,0,405,0,0,1,1,0,0,0,0,0,0
1,695,0,0,412,0,0,0,0,1,0,0,0,0,0
2,633,0,0,412,0,0,0,0,1,0,0,0,0,0
2,307,0,0,417,0,0,0,0,1,0,0,0,0,0
1,126,0,0,417,0,0,0,1,0,0,0,0,0,0
1,476,0,0,417,0,0,0,1,0,0,0,0,0,0
1,436,0,0,433,0,0,0,1,0,0,0,0,0,0
22,122,0,1,462,0,0,0,1,0,0,0,0,0,0
1,596,0,0,469,0,0,0,0,1,0,0,0,0,0
11,165,0,0,472,0,0,0,1,1,0,0,0,0,0
1,436,0,0,492,0,0,0,1,0,0,0,0,0,0
1,736,0,0,502,0,0,0,0,0,0,0,0,0,0
2,465,0,0,538,0,0,0,0,1,0,0,0,0,0
1,968,0,0,550,0,0,0,1,0,0,0,0,0,0
23,100,0,1,558,0,0,0,1,0,0,0,0,0,0
14,115,0,1,558,0,0,0,1,0,0,0,0,1,0
6,0,0,1,558,0,1,0,1,0,0,0,0,0,0
5,18,0,1,558,0,0,0,0,0,0,0,0,0,0
2,145,0,1,558,0,0,0,0,0,0,0,0,0,0
1,473,0,0,570,0,0,0,1,0,0,0,0,0,0
1,218,0,0,683,0,0,0,0,0,0,0,0,0,0
1,745,0,0,691,0,0,0,1,0,0,0,0,0,0
1,1552,0,0,696,0,0,0,0,0,0,0,0,0,0
1,1987,0,0,696,0,0,0,0,0,0,0,0,0,0
1,307,0,1,800,0,0,0,1,0,0,0,0,0,0
1,334,0,1,807,0,0,0,1,0,0,0,0,0,0
1,473,0,0,949,0,0,0,1,0,0,0,0,0,0
1,473,0,0,956,0,0,0,1,0,0,0,0,0,0
